Title,Author,Genre
Fundamentals of Wavelets,"Goswami, Jaideva",signal_processing
Data Smart,"Foreman, John",data_science
God Created the Integers,"Hawking, Stephen",mathematics
Superfreakonomics,"Dubner, Stephen",economics
Orientalism,"Said, Edward",history
"Nature of Statistical Learning Theory, The","Vapnik, Vladimir",data_science
Integration of the Indian States,"Menon, V P",history
"Drunkard's Walk, The","Mlodinow, Leonard",science
Image Processing & Mathematical Morphology,"Shih, Frank",signal_processing
How to Think Like Sherlock Holmes,"Konnikova, Maria",psychology
Data Scientists at Work,Sebastian Gutierrez,data_science
Slaughterhouse Five,"Vonnegut, Kurt",fiction
Birth of a Theorem,"Villani, Cedric",mathematics
Structure & Interpretation of Computer Programs,"Sussman, Gerald",computer_science
"Age of Wrath, The","Eraly, Abraham",history
"Trial, The","Kafka, Frank",fiction
Statistical Decision Theory',"Pratt, John",data_science
Data Mining Handbook,"Nisbet, Robert",data_science
"New Machiavelli, The","Wells, H. G.",fiction
Physics & Philosophy,"Heisenberg, Werner",science
Making Software,"Oram, Andy",computer_science
"Analysis, Vol I","Tao, Terence",mathematics
Machine Learning for Hackers,"Conway, Drew",data_science
"Signal and the Noise, The","Silver, Nate",data_science
Python for Data Analysis,"McKinney, Wes",data_science
Introduction to Algorithms,"Cormen, Thomas",computer_science
"Beautiful and the Damned, The","Deb, Siddhartha",nonfiction
"Outsider, The","Camus, Albert",fiction
"Complete Sherlock Holmes, The - Vol I","Doyle, Arthur Conan",fiction
"Complete Sherlock Holmes, The - Vol II","Doyle, Arthur Conan",fiction
"Wealth of Nations, The","Smith, Adam",economics
"Pillars of the Earth, The","Follett, Ken",fiction
Mein Kampf,"Hitler, Adolf",nonfiction
"Tao of Physics, The","Capra, Fritjof",science
Surely You're Joking Mr Feynman,"Feynman, Richard",science
"Farewell to Arms, A","Hemingway, Ernest",fiction
"Veteran, The","Forsyth, Frederick",fiction
False Impressions,"Archer, Jeffery",fiction
"Last Lecture, The","Pausch, Randy",nonfiction
Return of the Primitive,"Rand, Ayn",philosophy
Jurassic Park,"Crichton, Michael",fiction
"Russian Journal, A","Steinbeck, John",nonfiction
Tales of Mystery and Imagination,"Poe, Edgar Allen",fiction
Freakonomics,"Dubner, Stephen",economics
"Hidden Connections, The","Capra, Fritjof",science
"Story of Philosophy, The","Durant, Will",philosophy
Asami Asami,"Deshpande, P L",fiction
Journal of a Novel,"Steinbeck, John",fiction
Once There Was a War,"Steinbeck, John",nonfiction
"Moon is Down, The","Steinbeck, John",fiction
"Brethren, The","Grisham, John",fiction
In a Free State,"Naipaul, V. S.",fiction
Catch 22,"Heller, Joseph",fiction
"Complete Mastermind, The",BBC,nonfiction
Dylan on Dylan,"Dylan, Bob",nonfiction
Soft Computing & Intelligent Systems,"Gupta, Madan",data_science
Textbook of Economic Theory,"Stonier, Alfred",economics
Econometric Analysis,"Greene, W. H.",economics
Learning OpenCV,"Bradsky, Gary",data_science
Data Structures Using C & C++,"Tanenbaum, Andrew",computer_science
"Computer Vision, A Modern Approach","Forsyth, David",data_science
Principles of Communication Systems,"Taub, Schilling",computer_science
Let Us C,"Kanetkar, Yashwant",computer_science
"Amulet of Samarkand, The","Stroud, Jonathan",fiction
Crime and Punishment,"Dostoevsky, Fyodor",fiction
Angels & Demons,"Brown, Dan",fiction
"Argumentative Indian, The","Sen, Amartya",nonfiction
Sea of Poppies,"Ghosh, Amitav",fiction
"Idea of Justice, The","Sen, Amartya",nonfiction
"Raisin in the Sun, A","Hansberry, Lorraine",fiction
All the President's Men,"Woodward, Bob",history
"Prisoner of Birth, A","Archer, Jeffery",fiction
Scoop!,"Nayar, Kuldip",history
Ahe Manohar Tari,"Deshpande, Sunita",nonfiction
"Last Mughal, The","Dalrymple, William",history
"Social Choice & Welfare, Vol 39 No. 1",Various,economics
Radiowaril Bhashane & Shrutika,"Deshpande, P L",nonfiction
Gun Gayin Awadi,"Deshpande, P L",nonfiction
Aghal Paghal,"Deshpande, P L",nonfiction
Maqta-e-Ghalib,"Garg, Sanjay",fiction
Beyond Degrees,,nonfiction
Manasa,"Kale, V P",nonfiction
India from Midnight to Milennium,"Tharoor, Shashi",history
"World's Greatest Trials, The",,history
"Great Indian Novel, The","Tharoor, Shashi",fiction
O Jerusalem!,"Lapierre, Dominique",history
"City of Joy, The","Lapierre, Dominique",fiction
Freedom at Midnight,"Lapierre, Dominique",history
"Winter of Our Discontent, The","Steinbeck, John",fiction
On Education,"Russell, Bertrand",philosophy
Free Will,"Harris, Sam",philosophy
Bookless in Baghdad,"Tharoor, Shashi",nonfiction
"Case of the Lame Canary, The","Gardner, Earle Stanley",fiction
"Theory of Everything, The","Hawking, Stephen",science
New Markets & Other Essays,"Drucker, Peter",economics
Electric Universe,"Bodanis, David",science
"Hunchback of Notre Dame, The","Hugo, Victor",fiction
Burning Bright,"Steinbeck, John",fiction
"Age of Discontuinity, The","Drucker, Peter",economics
Doctor in the Nude,"Gordon, Richard",fiction
Down and Out in Paris & London,"Orwell, George",nonfiction
Identity & Violence,"Sen, Amartya",philosophy
Beyond the Three Seas,"Dalrymple, William",history
"World's Greatest Short Stories, The",,fiction
Talking Straight,"Iacoca, Lee",nonfiction
"Maugham's Collected Short Stories, Vol 3","Maugham, William S",fiction
"Phantom of Manhattan, The","Forsyth, Frederick",fiction
Ashenden of The British Agent,"Maugham, William S",fiction
Zen & The Art of Motorcycle Maintenance,"Pirsig, Robert",philosophy
"Great War for Civilization, The","Fisk, Robert",history
We the Living,"Rand, Ayn",fiction
"Artist and the Mathematician, The","Aczel, Amir",science
History of Western Philosophy,"Russell, Bertrand",philosophy
Selected Short Stories,,fiction
Rationality & Freedom,"Sen, Amartya",economics
Clash of Civilizations and Remaking of the World Order,"Huntington, Samuel",history
Uncommon Wisdom,"Capra, Fritjof",nonfiction
One,"Bach, Richard",nonfiction
Karl Marx Biography,,nonfiction
To Sir With Love,Braithwaite,fiction
Half A Life,"Naipaul, V S",fiction
"Discovery of India, The","Nehru, Jawaharlal",history
Apulki,"Deshpande, P L",nonfiction
Unpopular Essays,"Russell, Bertrand",philosophy
"Deceiver, The","Forsyth, Frederick",fiction
Veil: Secret Wars of the CIA,"Woodward, Bob",history
Char Shabda,"Deshpande, P L",nonfiction
Rosy is My Relative,"Durrell, Gerald",fiction
"Moon and Sixpence, The","Maugham, William S",fiction
Political Philosophers,,philosophy
"Short History of the World, A","Wells, H G",history
"Trembling of a Leaf, The","Maugham, William S",fiction
Doctor on the Brain,"Gordon, Richard",fiction
Simpsons & Their Mathematical Secrets,"Singh, Simon",science
Pattern Classification,"Duda, Hart",data_science
From Beirut to Jerusalem,"Friedman, Thomas",history
"Code Book, The","Singh, Simon",science
"Age of the Warrior, The","Fisk, Robert",history
"Numbers Behind Numb3rs, The","Devlin, Keith",science
"Life in Letters, A","Steinbeck, John",nonfiction
"Information, The","Gleick, James",science
"Journal of Economics, vol 106 No 3",,economics
Elements of Information Theory,"Thomas, Joy",data_science
Power Electronics - Rashid,"Rashid, Muhammad",computer_science
Power Electronics - Mohan,"Mohan, Ned",computer_science
Neural Networks,"Haykin, Simon",data_science
"Grapes of Wrath, The","Steinbeck, John",fiction
Vyakti ani Valli,"Deshpande, P L",nonfiction
Statistical Learning Theory,"Vapnik, Vladimir",data_science
Empire of the Mughal - The Tainted Throne,"Rutherford, Alex",history
Empire of the Mughal - Brothers at War,"Rutherford, Alex",history
Empire of the Mughal - Ruler of the World,"Rutherford, Alex",history
Empire of the Mughal - The Serpent's Tooth,"Rutherford, Alex",history
Empire of the Mughal - Raiders from the North,"Rutherford, Alex",history
Mossad,"Baz-Zohar, Michael",history
Jim Corbett Omnibus,"Corbett, Jim",nonfiction
20000 Leagues Under the Sea,"Verne, Jules",fiction
Batatyachi Chal,Deshpande P L,fiction
Hafasavnuk,Deshpande P L,fiction
Urlasurla,Deshpande P L,fiction
Pointers in C,"Kanetkar, Yashwant",computer_science
"Cathedral and the Bazaar, The","Raymond, Eric",computer_science
Design with OpAmps,"Franco, Sergio",computer_science
Think Complexity,"Downey, Allen",data_science
"Devil's Advocate, The","West, Morris",fiction
Ayn Rand Answers,"Rand, Ayn",philosophy
Philosophy: Who Needs It,"Rand, Ayn",philosophy
"World's Great Thinkers, The",,philosophy
Data Analysis with Open Source Tools,"Janert, Phillip",data_science
Broca's Brain,"Sagan, Carl",science
Men of Mathematics,"Bell, E T",mathematics
Oxford book of Modern Science Writing,"Dawkins, Richard",science
"Justice, Judiciary and Democracy","Ranjan, Sudhanshu",philosophy
"Arthashastra, The",Kautiyla,philosophy
We the People,Palkhivala,philosophy
We the Nation,Palkhivala,philosophy
"Courtroom Genius, The",Sorabjee,nonfiction
Dongri to Dubai,"Zaidi, Hussain",nonfiction
"History of England, Foundation","Ackroyd, Peter",history
City of Djinns,"Dalrymple, William",history
India's Legal System,Nariman,nonfiction
More Tears to Cry,"Sassoon, Jean",fiction
"Ropemaker, The","Dickinson, Peter",fiction
"Judge, The",,fiction
"Attorney, The",,fiction
"Prince, The",Machiavelli,philosophy
Eyeless in Gaza,"Huxley, Aldous",fiction
Tales of Beedle the Bard,"Rowling, J K",fiction
Girl with the Dragon Tattoo,"Larsson, Steig",fiction
Girl who kicked the Hornet's Nest,"Larsson, Steig",fiction
Girl who played with Fire,"Larsson, Steig",fiction
Murphy's Law,,nonfiction
Structure and Randomness,"Tao, Terence",mathematics
Image Processing with MATLAB,"Eddins, Steve",signal_processing
Animal Farm,"Orwell, George",fiction
"Idiot, The","Dostoevsky, Fyodor",fiction
"Christmas Carol, A","Dickens, Charles",fiction
Beowulf,"Unknown, Seamus Heaney",fiction
Go Set a Watchman,Harper Lee,fiction
When You Are Engulfed in Flames,David Sedaris,fiction
Daughter of Smoke & Bone,Laini Taylor,fiction
Red Queen,Victoria Aveyard,fiction
The Power of Habit,Charles Duhigg,fiction
Midnight in the Garden of Good and Evil,John Berendt,nonfiction
Hopeless,Colleen Hoover,fiction
A Little Princess,"Frances Hodgson Burnett, Nancy Bond",fiction
The Truth About Forever,Sarah Dessen,fiction
The horse and his boy,C.S. Lewis,fiction
Last Sacrifice ,Richelle Mead,fiction
Little House on the Prairie,"Laura Ingalls Wilder, Garth Williams",fiction
The Velveteen Rabbit,"Margery Williams Bianco, William   Nicholson",fiction
Zen and the Art of Motorcycle Maintenance,Robert M. Pirsig,fiction
The War of the Worlds,"H.G. Wells, Arthur C. Clarke",fiction
Pretty Little Liars,Sara Shepard,fiction
Corduroy,Don Freeman,fiction
The Omnivore's Dilemma,Michael Pollan,fiction
Life After Life,Kate Atkinson,fiction
The Rescue,Nicholas Sparks,fiction
Needful Things,Stephen King,fiction
Voyager,Diana Gabaldon,fiction
,"Kenneth Branagh, William Shakespeare",fiction
Cujo,Stephen King,fiction
The Virgin Suicides,Jeffrey Eugenides,fiction
Dead to the World,Charlaine Harris,fiction
The Phantom Tollbooth,"Norton Juster, Jules Feiffer",fiction
The Way of Kings,Brandon Sanderson,fiction
Club Dead,Charlaine Harris,fiction
It's Kind of a Funny Story,Ned Vizzini,nonfiction
,Brandon Sanderson,fiction
After You,Jojo Moyes,fiction
The Language of Flowers,Vanessa Diffenbaugh,fiction
The Angel Experiment,James Patterson,fiction
High Fidelity,Nick Hornby,fiction
The Guardian,Nicholas Sparks,fiction
Oryx and Crake,Margaret Atwood,fiction
Timeline,Michael Crichton,fiction
Candide,Voltaire,fiction
Tuck Everlasting,Natalie Babbitt,nonfiction
Christine,"Stephen King, Marie Milpois",nonfiction
Are You My Mother?,P.D. Eastman,fiction
The Story of Art,E.H. Gombrich,fiction
Scarlet,Marissa Meyer,fiction
"Rich Dad , Poor Dad",Robert T. Kiyosaki,fiction
Silence ,Becca Fitzpatrick,fiction
The Magicians,Lev Grossman,fiction
A Great and Terrible Beauty,Libba Bray,fiction
Everything Is Illuminated,Jonathan Safran Foer,fiction
The Bourne Supremacy,Robert Ludlum,fiction
Easy,Tammara Webber,fiction
David Copperfield,"Charles Dickens, Jeremy Tambling",fiction
A Wizard of Earthsea,Ursula K. Le Guin,fiction
Because of Winn-Dixie,"Kate DiCamillo, Chris Sheban",fiction
A Separate Peace,John Knowles,fiction
The Rainmaker,John Grisham,fiction
Assassin's Apprentice,Robin Hobb,fiction
The Restaurant at the End of the Universe,Douglas Adams,fiction
Torment,Lauren Kate,fiction
The Tale of Peter Rabbit,Beatrix Potter,fiction
The Silver Chair,"C.S. Lewis, Pauline Baynes",fiction
The Hero of Ages,Brandon Sanderson,nonfiction
"Girl, Interrupted",Susanna Kaysen,fiction
"Are You There, Vodka? It's Me, Chelsea",Chelsea Handler,fiction
Jonathan Livingston Seagull,"Richard Bach, Russell Munson",fiction
City of Heavenly Fire,Cassandra Clare,fiction
Love You Forever,"Robert Munsch, Sheila McGraw",fiction
Cell,Stephen King,fiction
The Drawing of the Three,Stephen King,nonfiction
The Forgotten Garden,Kate Morton,fiction
Der ProzeÃŸ,"Franz Kafka, Edwin Muir, Willa Muir, Max Brod",fiction
This Lullaby,Sarah Dessen,fiction
Plain Truth,Jodi Picoult,fiction
Orange Is the New Black: My Year in a Women's Prison,Piper Kerman,fiction
The Hound of the Baskervilles,"Arthur Conan Doyle, Anne Perry",fiction
"Thinking, Fast and Slow",Daniel Kahneman,fiction
The Mists of Avalon,Marion Zimmer Bradley,fiction
"Are You There God? It's Me, Margaret",Judy Blume,fiction
Nights in Rodanthe,Nicholas Sparks,fiction
Mr. Mercedes,Stephen King,fiction
All Together Dead,Charlaine Harris,fiction
Midwives,Chris Bohjalian,fiction
The Polar Express,Chris Van Allsburg,nonfiction
The True Story of the Three Little Pigs,"Jon Scieszka, Lane Smith",fiction
Patriot Games,Tom Clancy,fiction
Veronika decide morrer,"Paulo Coelho, Margaret Jull Costa",fiction
Dead as a Doornail ,Charlaine Harris,fiction
"Shatter Me (Shatter Me, #1)",Tahereh Mafi,fiction
Starship Troopers,Robert A. Heinlein,fiction
I've Got Your Number,Sophie Kinsella,fiction
Sofies Verden,"Jostein Gaarder, Paulette MÃ¸ller",fiction
,Mark Cotta Vaz,fiction
The Martian Chronicles,Ray Bradbury,fiction
A Visit From the Goon Squad,Jennifer Egan,fiction
Heidi,"Johanna Spyri, Angelo  Rinaldi, Beverly Cleary",fiction
Prey,Michael Crichton,fiction
The Last Battle,C.S. Lewis,fiction
World Without End,Ken Follett,fiction
Chosen: A House of Night Novel,"P.C. Cast, Kristin Cast",fiction
Slammed,Colleen Hoover,fiction
"Beastly (Beastly, #1, Kendra Chronicles, #1)",Alex Flinn,fiction
Tales of Caunterbury,"Geoffrey Chaucer, Nevill Coghill",fiction
Baby Proof,Emily Giffin,nonfiction
Inheritance,Christopher Paolini,nonfiction
Uncle Tom's Cabin or Life Among the Lowly,Harriet Beecher Stowe,fiction
"Definitely Dead (Sookie Stackhouse, #6)",Charlaine Harris,fiction
Ensaio Sobre a Cegueira,"JosÃ© Saramago, Giovanni Pontiero",fiction
Freedom,Jonathan Franzen,fiction
Crossed,Ally Condie,fiction
The White Tiger,Aravind Adiga,fiction
The Corrections,Jonathan Franzen,fiction
Dreams from My Father,Barack Obama,nonfiction
Congo,Michael Crichton,nonfiction
Interpreter of Maladies,Jhumpa Lahiri,fiction
Breakfast at Tiffany's,Truman Capote,fiction
The Passage,Justin Cronin,fiction
Anansi Boys,Neil Gaiman,nonfiction
Along for the Ride,Sarah Dessen,fiction
Everything I Never Told You,Celeste Ng,fiction
La casa de los espÃ­ritus,"Isabel Allende, Magda Bogin",fiction
The Dead Zone,Stephen King,fiction
Murder in the Calais Coach,Agatha Christie,fiction
Americanah,Chimamanda Ngozi Adichie,fiction
Suzanne's Diary for Nicholas,James Patterson,fiction
Firestarter,Stephen King,fiction
Entwined with You,Sylvia Day,fiction
The Storied Life of A.J. Fikry,Gabrielle Zevin,fiction
Mad About Madeline,Ludwig Bemelmans,fiction
Think and Grow Rich,Napoleon Hill,fiction
Jonathan Strange & Mr Norrell,Susanna Clarke,fiction
A Bend in the Road,Nicholas Sparks,fiction
The House of Hades,Rick Riordan,nonfiction
Gone,Michael  Grant,fiction
The Wedding,Nicholas Sparks,fiction
1776,David McCullough,fiction
Beautiful Ruins,Jess Walter,fiction
On Writing: A Memoir of the Craft,Stephen King,fiction
Firefly Lane,Kristin Hannah,fiction
Sphere,Michael Crichton,fiction
Love the One You're With,Emily Giffin,fiction
The Silkworm,"Robert Galbraith, J.K. Rowling",fiction
The Vampire Lestat,Anne Rice,fiction
State of Wonder,Ann Patchett,fiction
The Silver Linings Playbook,Matthew Quick,fiction
The Constant Princess,Philippa Gregory,fiction
Mrs Dalloway,"Virginia Woolf, Maureen Howard",fiction
Bag of Bones,Stephen King,fiction
The Cider House Rules,John Irving,fiction
Thinner,"Richard Bachman, Stephen King",fiction
Walk Two Moons,Sharon Creech,nonfiction
Onze minutos,"Paulo Coelho, Margaret Jull Costa",fiction
Nine Stories,J.D. Salinger,fiction
Unwind,Neal Shusterman,fiction
"Drums of Autumn (Outlander, #4)",Diana Gabaldon,nonfiction
Prodigy,Marie Lu,fiction
The Tragedie of King Lear,William Shakespeare,fiction
Death of a Salesman,Arthur Miller,fiction
The Choice,Nicholas Sparks,fiction
,Kate Egan,fiction
The Sound and the Fury,William Faulkner,fiction
,Allie Brosh,fiction
The Shadow Rising ,Robert Jordan,nonfiction
Shantaram,Gregory David Roberts,fiction
From Dead to Worse,Charlaine Harris,fiction
The Waste Lands,"Stephen King, Ned Dameron",fiction
The Bone Collector,Jeffery Deaver,fiction
Der Vorleser,"Bernhard Schlink, Carol Brown Janeway",fiction
Hyperion,Dan Simmons,fiction
The Pearl of the World,John Steinbeck,fiction
The Exorcist,William Peter Blatty,fiction
The Short Second Life of Bree Tanner,Stephenie Meyer,fiction
Snow Falling on Cedars,David Guterson,fiction
Roots,Alex Haley,fiction
Batman: The Killing Joke ,"Alan Moore, Brian Bolland, Tim Sale",fiction
Invisible Man,Ralph Ellison,fiction
A Long Way Gone. Memoirs of a Boy Soldier,Ishmael Beah,fiction
Mrs. Frisby and the Rats of NIMH,Robert C. O'Brien,fiction
Different Seasons,Stephen King,fiction
The Little House Collection,"Laura Ingalls Wilder, Garth Williams",fiction
The Girls' Guide to Hunting and Fishing,Melissa Bank,nonfiction
Wool Omnibus,Hugh Howey,fiction
The Power of Now,Eckhart Tolle,fiction
The Lies of Locke Lamora,Scott Lynch,fiction
Sabriel,Garth Nix,fiction
Dead and Gone,Charlaine Harris,fiction
The Storyteller,Jodi Picoult,fiction
Obsidian,Jennifer L. Armentrout,fiction
"Life, the Universe and Everything",Douglas Adams,fiction
Crown of Midnight,Sarah J. Maas,fiction
Half Broke Horses: A True Life Novel,Jeannette Walls,fiction
Mort,Terry Pratchett,fiction
"The Iron King (The Iron Fey, #1) ",Julie Kagawa,fiction
Lonesome Dove,Larry McMurtry,fiction
Stiff: The Curious Lives of Human Cadavers,Mary Roach,nonfiction
Bloodlines,Richelle Mead,fiction
Ender's Shadow,Orson Scott Card,nonfiction
Twenties Girl,Sophie Kinsella,fiction
Schindler's Ark,Thomas Keneally,fiction
The Bluest Eye,Toni Morrison,fiction
The White Queen,Philippa Gregory,fiction
The Autobiography of Malcolm X,"Malcolm X, Alex Haley",nonfiction
Seabiscuit,Laura Hillenbrand,fiction
Shutter Island,Dennis Lehane,fiction
The Complete Sherlock Holmes,Arthur Conan Doyle,fiction
The Tragedy of Julius Caesar,"William Shakespeare, Roma Gill",fiction
The Taming of the Shrew,William Shakespeare,nonfiction
Cress,Marissa Meyer,nonfiction
Just Kids,Patti Smith,fiction
,Phaidon Press,fiction
Jemima J,Jane Green,fiction
Notre-Dame de Paris,"Victor Hugo, Walter J. Cobb",nonfiction
A Fine Balance,Rohinton Mistry,fiction
Calvin and Hobbes,"Bill Watterson, G.B. Trudeau",nonfiction
Specials,Scott Westerfeld,fiction
The Awakening,Kate Chopin,fiction
Hunted,"P.C. Cast, Kristin Cast",fiction
For One More Day,Mitch Albom,fiction
Clear and Present Danger,Tom Clancy,fiction
Falling Up,Shel Silverstein,fiction
Sh*t My Dad Says,Justin Halpern,nonfiction
Trainspotting,"Irvine Welsh, Eric Lindor Fall",fiction
Foundation and Empire,Isaac Asimov,fiction
House Rules,Jodi Picoult,nonfiction
Doctor Sleep,Stephen King,fiction
About a Boy,Nick Hornby,fiction
On Dublin Street,Samantha Young,nonfiction
"One Fish, Two Fish, Red Fish, Blue Fish",Dr. Seuss,nonfiction
Watchers,Dean Koontz,fiction
The Story of My Life,Helen Keller,nonfiction
This Is Where I Leave You,Jonathan Tropper,fiction
Abraham Lincoln: Vampire Hunter,Seth Grahame-Smith,fiction
The Tempest,William Shakespeare,fiction
Burned: A House of Night Novel,"P.C. Cast, Kristin Cast",fiction
Wizard and Glass,"Stephen King, Dave McKean",fiction
The Circle,Dave Eggers,fiction
The Invention of Hugo Cabret,Brian Selznick,fiction
The Good Girl,Mary Kubica,fiction
"Fallen Too Far (Too Far, #1)",Abbi Glines,fiction
Landline,Rainbow Rowell,fiction
Tempted,"P.C. Cast, Kristin Cast",fiction
No Country for Old Men,Cormac McCarthy,fiction
Wolf Hall,Hilary Mantel,fiction
Howl's Moving Castle,Diana Wynne Jones,fiction
Dreamcatcher,"Stephen King, William Olivier Desmond",fiction
Walden; or Life in the Woods,Henry David Thoreau,nonfiction
The Remains of the Day,Kazuo Ishiguro,nonfiction
The Best of Me,Nicholas Sparks,fiction
The Sense of an Ending,Julian Barnes,fiction
A is for Alibi,Sue Grafton,fiction
Shanghai Girls,Lisa See,nonfiction
The Wind in the Willows,"Kenneth Grahame, Gillian Avery",fiction
To All the Boys I've Loved Before,Jenny Han,nonfiction
Persepolis,"Marjane Satrapi, Mattias Ripa",fiction
A Room with a View,E.M. Forster,fiction
The DUFF: Designated Ugly Fat Friend,Kody Keplinger,fiction
Lock and Key,Sarah Dessen,nonfiction
Naked in Death,J.D. Robb,fiction
The Chamber,John Grisham,fiction
Midnight Sun (Partial Draft),Stephenie Meyer,fiction
The Unlikely Pilgrimage of Harold Fry,Rachel Joyce,fiction
Every Day,David Levithan,fiction
Xenocide,Orson Scott Card,fiction
A Court of Thorns and Roses,Sarah J. Maas,nonfiction
Chicka Chicka Boom Boom,"Bill Martin Jr., John Archambault, Lois Ehlert",fiction
Smile,Raina Telgemeier,fiction
 Animal Farm & 1984,"George Orwell, Christopher Hitchens",fiction
The Deep End of the Ocean,Jacquelyn Mitchard,fiction
The Bonesetter's Daughter,Amy Tan,nonfiction
"Angus, Thongs and Full-Frontal Snogging",Louise Rennison,fiction
Mr. Penumbra's 24-Hour Bookstore,Robin Sloan,fiction
Flowers in the Attic,V.C. Andrews,children
When Breath Becomes Air,"Paul Kalanithi, Abraham Verghese",fiction
Maniac Magee,Jerry Spinelli,fiction
Invisible Monsters,Chuck Palahniuk,fiction
"Twelfth Night; or, What You Will",William Shakespeare,fiction
Gathering Blue,Lois Lowry,fiction
The Westing Game,Ellen Raskin,fiction
Red Rising,Pierce Brown,fiction
The Way of Shadows,Brent Weeks,fiction
The Bean Trees,Barbara Kingsolver,children
Walking Disaster,Jamie McGuire,fiction
Words of Radiance,Brandon Sanderson,fiction
Guess How Much I Love You,"Sam McBratney, Anita Jeram",fiction
The Fiery Cross,Diana Gabaldon,fiction
Night Shift,"Stephen King, John D. MacDonald",fiction
Jaws,Peter Benchley,fiction
The History of Love,Nicole Krauss,fiction
Dead in the Family,Charlaine Harris,fiction
La peste,"Albert Camus, Stuart Gilbert",fiction
The Reptile Room,"Lemony Snicket, Brett Helquist",fiction
Brain on Fire,Susannah Cahalan,fiction
Wicked Lovely ,Melissa Marr,fiction
Curious George,H.A. Rey,fiction
A Beautiful Mind,Sylvia Nasar,fiction
The Jungle,"Upton Sinclair, Earl Lee, Kathleen DeGrave",fiction
The Summoning,Kelley Armstrong,fiction
Storm Island,Ken Follett,fiction
The Blind Assassin,Margaret Atwood,nonfiction
Hollow City,Ransom Riggs,fiction
House of Sand and Fog,Andre Dubus III,fiction
The Girl with All the Gifts,M.R. Carey,fiction
As I Lay Dying,William Faulkner,nonfiction
Harold and the Purple Crayon,Crockett Johnson,fiction
"Lover Eternal (Black Dagger Brotherhood, #2)",J.R. Ward,nonfiction
,Isaac Asimov,nonfiction
Fool Moon ,Jim Butcher,fiction
David and Goliath,Malcolm Gladwell,nonfiction
Guards! Guards!,Terry Pratchett,fiction
The Year of Magical Thinking,Joan Didion,fiction
We Need to Talk About Kevin,Lionel Shriver,fiction
Rendezvous with Rama,Arthur C. Clarke,fiction
The Queen of the Damned,Anne Rice,fiction
The Age of Innocence,"Edith Wharton, Maureen Howard",fiction
The Selfish Gene,Richard Dawkins,fiction
Year of Wonders: A Novel of the Plague,Geraldine Brooks,fiction
The Black Echo,Michael Connelly,nonfiction
Anthem,Ayn Rand,fiction
Gabriel's Inferno,Sylvain Reynard,fiction
Cloudy with a Chance of Meatballs,"Judi Barrett, Ron Barrett",fiction
Major Pettigrew's Last Stand,Helen Simonson,fiction
Vision in White,Nora Roberts,fiction
The Tenth Circle,Jodi Picoult,fiction
The Throne of Fire,Rick Riordan,nonfiction
Old Man's War,John Scalzi,fiction
Gerald's Game,Stephen King,fiction
Two for the Dough,Janet Evanovich,nonfiction
The Forever War,Joe Haldeman,fiction
Insomnia,"Stephen King, Bettina Blanch Tyroller",fiction
Reading Lolita in Tehran: A Memoir in Books,Azar Nafisi,fiction
The Blade Itself,Joe Abercrombie,fiction
The Arctic Incident,Eoin Colfer,nonfiction
The Shipping News,Annie Proulx,fiction
The Marriage Plot,Jeffrey Eugenides,fiction
Hija de la fortuna,"Isabel Allende, Margaret Sayers Peden",fiction
Luckiest Girl Alive,Jessica Knoll,fiction
"Crank (Crank, #1)",Ellen Hopkins,fiction
The Raven Boys,Maggie Stiefvater,nonfiction
I Am Legend and Other Stories,Richard Matheson,fiction
Olive Kitteridge,Elizabeth Strout,fiction
Not that Kind of Girl,"Lena Dunham, Joana Avillez",nonfiction
Fire,Kristin Cashore,fiction
En attendant Godot,Samuel Beckett,fiction
White Fang,Jack London,fiction
Wolves of the Calla,"Stephen King, Bernie Wrightson",fiction
His Dark Materials,Philip Pullman,fiction
The Edge of Never,J.A. Redmerski,fiction
Reconstructing Amelia,Kimberly McCreight,nonfiction
The One Plus One,Jojo Moyes,fiction
The Hours,Michael Cunningham,fiction
Wallbanger,Alice Clayton,nonfiction
Holidays on Ice,David Sedaris,fiction
Desperation,Stephen King,fiction
Passion,Lauren Kate,fiction
The Kill Order,James Dashner,fiction
Angelfall,Susan Ee,fiction
Empire Falls,Richard Russo,fiction
The Fires of Heaven,Robert Jordan,children
I'll Give You the Sun,Jandy Nelson,fiction
Survivor,Chuck Palahniuk,fiction
Shopaholic and Baby,Sophie Kinsella,fiction
The Dark Tower,Stephen King,fiction
Twilight Director's Notebook,Catherine Hardwicke,fiction
Shopaholic Abroad,Sophie Kinsella,fiction
Linger,Maggie Stiefvater,fiction
The Complete Anne of Green Gables Boxed Set,L.M. Montgomery,fiction
The Gathering Storm,"Robert Jordan, Brandon Sanderson",fiction
Middlemarch,"George Eliot, Michel Faber",nonfiction
Point of Retreat,Colleen Hoover,fiction
The Partner,John Grisham,fiction
The Hobbit and The Lord of the Rings,J.R.R. Tolkien,fiction
Thoughtless,S.C. Stephens,fiction
Presumed Innocent,Scott Turow,fiction
The Dark Half,Stephen King,fiction
Cleopatra: A Life,Stacy Schiff,fiction
Steelheart,Brandon Sanderson,fiction
Voyage au centre de la Terre,Jules Verne,nonfiction
The Happiness Project,Gretchen Rubin,fiction
The Man in the High Castle,Philip K. Dick,fiction
Inferno,"Dante Alighieri, Anthony M. Esolen",fiction
Shadow of Night,Deborah Harkness,fiction
Leaving Time,Jodi Picoult,fiction
Moon Called,Patricia Briggs,fiction
Blue Bloods,Melissa de la Cruz,fiction
The Alienist,Caleb Carr,fiction
Between the World and Me,Ta-Nehisi Coates,fiction
The Girl Who Loved Tom Gordon,Stephen King,nonfiction
 A Monster Calls ,"Patrick Ness, Jim Kay, Siobhan Dowd",fiction
Towers of Midnight,"Robert Jordan, Brandon Sanderson",fiction
The Day of the Jackal,Frederick Forsyth,fiction
Rework,"Jason Fried, David Heinemeier Hansson",fiction
Attachments,Rainbow Rowell,fiction
Tell the Wolves I'm Home,Carol Rifka Brunt,fiction
All Creatures Great And Small,James Herriot,fiction
The Unbecoming of Mara Dyer,Michelle Hodkin,fiction
Three to Get Deadly,Janet Evanovich,fiction
The Scarlet Pimpernel,Emmuska Orczy,fiction
Tales of a Fourth Grade Nothing,Judy Blume,fiction
Shadow and Bone,Leigh Bardugo,fiction
Het diner,"Herman Koch, Sam Garrett",fiction
Champion,Marie Lu,nonfiction
Contact,Carl Sagan,fiction
Lola and the Boy Next Door,Stephanie Perkins,fiction
White Teeth,Zadie Smith,fiction
The Power of Six,Pittacus Lore,fiction
The Interestings,Meg Wolitzer,fiction
People of the Book,Geraldine Brooks,fiction
The Secret Keeper,Kate Morton,fiction
Better Homes & Gardens New Cook Book,Better Homes and Gardens,nonfiction
"So Long, and Thanks for All the Fish",Douglas Adams,fiction
Der Steppenwolf: ErzÃ¤hlung,"Hermann Hesse, Basil Creighton",fiction
The Surgeon,Tess Gerritsen,nonfiction
The Girl You Left Behind,Jojo Moyes,fiction
Royal Assassin,Robin Hobb,fiction
Childhood's End,Arthur C. Clarke,fiction
Heir of Fire,Sarah J. Maas,fiction
The Sweetness at the Bottom of the Pie,Alan Bradley,fiction
A Breath of Snow and Ashes,Diana Gabaldon,nonfiction
The Blood of Olympus,Rick Riordan,fiction
Truly Madly Guilty,Liane Moriarty,fiction
"Saga, Volume One","Brian K. Vaughan, Fiona Staples",fiction
The Art of Fielding,Chad Harbach,fiction
A Moveable Feast,Ernest Hemingway,fiction
Fablehaven,Brandon Mull,fiction
The Wide Window,"Lemony Snicket, Brett Helquist",fiction
Grave Peril,Jim Butcher,nonfiction
Einstein. His Life and Universe,Walter Isaacson,nonfiction
Effortless,S.C. Stephens,fiction
The Street Lawyer,John Grisham,fiction
"Roll of Thunder, Hear My Cry",Mildred D. Taylor,nonfiction
Pride and Prejudice and Zombies,"Seth Grahame-Smith, Jane Austen",fiction
Lets Explore Diabetes with Owls,David Sedaris,fiction
Dirk Gently's Holistic Detective Agency,Douglas Adams,nonfiction
Rodrick Rules,Jeff Kinney,fiction
Why Not Me?,Mindy Kaling,fiction
Four: A Divergent Collection,Veronica Roth,fiction
Modern Romance,"Aziz Ansari, Eric Klinenberg",fiction
The One and Only Ivan,"Katherine Applegate, Patricia Castelao",fiction
Elantris,Brandon Sanderson,fiction
The Knife of Never Letting Go,Patrick Ness,fiction
One Thousand White Women: The Journals of May Dodd,Jim Fergus,fiction
Handle with Care,Jodi Picoult,fiction
Song of Susannah,"Stephen King, Darrel Anderson",fiction
Reached,Ally Condie,fiction
Midnight's Children,Salman Rushdie,nonfiction
The Testament,John Grisham,nonfiction
Murder at the Vicarage,Agatha Christie,nonfiction
Among the Hidden ,Margaret Peterson Haddix,fiction
In Defense of Food: An Eater's Manifesto,Michael Pollan,fiction
The Witch of Blackbird Pond,Elizabeth George Speare,nonfiction
The Heir,Kiera Cass,fiction
Shopaholic Ties the Knot,Sophie Kinsella,fiction
The Woman in White,"Wilkie Collins, Matthew Sweet",fiction
Career of Evil,"Robert Galbraith, J.K. Rowling",fiction
The Summer I Turned Pretty,Jenny Han,fiction
Four to Score ,Janet Evanovich,fiction
Darkfever,Karen Marie Moning,fiction
Stone of Tears,Terry Goodkind,fiction
Heart of the Matter,Emily Giffin,fiction
The Sirens of Titan,Kurt Vonnegut Jr.,fiction
Dolores Claiborne,"Stephen King, Dominique Dill",fiction
The Nest,Cynthia D'Aprix Sweeney,nonfiction
The Celestine Prophecy,James Redfield,fiction
My Life Next Door ,Huntley Fitzpatrick,fiction
Winter of the World,Ken Follett,nonfiction
Lucky,Alice Sebold,children
To The Lighthouse ,Virginia Woolf,fiction
Five Point Someone: What Not to Do at IIT,Chetan Bhagat,fiction
Guilty Pleasures,Laurell K. Hamilton,fiction
The Messenger,Markus Zusak,fiction
Equal Rites,Terry Pratchett,fiction
House of Leaves,Mark Z. Danielewski,fiction
Cruel & Unusual,Patricia Cornwell,fiction
Sycamore Row,John Grisham,fiction
Awakened,"P.C. Cast, Kristin Cast",fiction
Life As We Knew It,Susan Beth Pfeffer,nonfiction
90 Minutes in Heaven,"Don Piper, Cecil Murphey",fiction
The Longest Ride,Nicholas Sparks,fiction
Kane and Abel,Jeffrey Archer,fiction
Change of Heart,Jodi Picoult,fiction
Dry: A Memoir,Augusten Burroughs,children
Sam's Letters To Jennifer,James Patterson,fiction
Grey,E.L. James,fiction
Dune Messiah ,Frank Herbert,fiction
The Great Divorce,C.S. Lewis,fiction
Little Earthquakes,Jennifer Weiner,nonfiction
New Moon: The Complete Illustrated Movie Companion,Mark Cotta Vaz,fiction
Maybe Someday,Colleen Hoover,fiction
Mr Maybe,Jane Green,fiction
Anne of the Island,L.M. Montgomery,fiction
Also sprach Zarathustra,"Friedrich Nietzsche, Walter Kaufmann",fiction
North and South,"Elizabeth Gaskell, Alan Shelston",fiction
A Stolen Life,Jaycee Dugard,fiction
The Immortals of Meluha,Amish Tripathi,fiction
The Lost World,Michael Crichton,fiction
Requiem,Lauren Oliver,fiction
A Crown of Swords,Robert Jordan,nonfiction
Aesopica,"Aesop, Laura Harris, Laura Gibbs",fiction
Finale,Becca Fitzpatrick,fiction
Skeleton Crew,Stephen King,fiction
Lullaby,Chuck Palahniuk,fiction
Two States,Chetan Bhagat,fiction
Summer Knight,Jim Butcher,fiction
Dragonflight,"Anne McCaffrey, Teodor PanasiÅ„ski",fiction
Ugly Love,Colleen Hoover,fiction
Chocolat,Joanne Harris,nonfiction
The Amityville Horror,Jay Anson,fiction
The English Patient,Michael Ondaatje,fiction
Gabriel's Rapture,Sylvain Reynard,fiction
Dubliners,"James Joyce, Jeri Johnson",fiction
Let the Great World Spin,Colum McCann,fiction
The Eternity Code,Eoin Colfer,fiction
Tell No One,Harlan Coben,fiction
The Tommyknockers,Stephen King,fiction
Hex Hall,Rachel Hawkins,fiction
Steal Like an Artist,Austin Kleon,fiction
Cryptonomicon,Neal Stephenson,children
Beautiful Bastard,Christina Lauren,fiction
Prodigal Summer,Barbara Kingsolver,fiction
We Were the Mulvaneys,Joyce Carol Oates,fiction
Understanding Comics: The Invisible Art,Scott McCloud,nonfiction
Beautiful Darkness,"Kami Garcia, Margaret Stohl",nonfiction
The Psychopath Test,Jon Ronson,fiction
Vanishing Acts,Jodi Picoult,fiction
Absolute Power,David Baldacci,fiction
Hot Six,Janet Evanovich,fiction
The Time Keeper,Mitch Albom,fiction
A Dirty Job,Christopher Moore,nonfiction
The Amulet of Samarkand,Jonathan Stroud,fiction
Exodus,Leon Uris,fiction
Stones from the River,Ursula Hegi,fiction
The Big Sleep,Raymond Chandler,fiction
Cannery Row ,John Steinbeck,fiction
Seriously...I'm Kidding,Ellen DeGeneres,fiction
The Miserable Mill,"Lemony Snicket, Brett Helquist",fiction
The Snow Child,Eowyn Ivey,fiction
Wait for You,"J. Lynn, Jennifer L. Armentrout",fiction
The Last Straw,Jeff Kinney,fiction
The Tao of Pooh,"Benjamin Hoff, Ernest H. Shepard",fiction
Onyx,Jennifer L. Armentrout,fiction
"Unravel Me (Shatter Me, #2)",Tahereh Mafi,fiction
The Birth of Venus,Sarah Dunant,fiction
The Opal Deception,Eoin Colfer,fiction
The Girls,Emma Cline,fiction
The Goose Girl,Shannon Hale,fiction
Mystic River,Dennis Lehane,fiction
Warm Bodies,Isaac Marion,fiction
The Prince and the Pauper,"Mark Twain, Everett H. Emerson",fiction
The Moon is a Harsh Mistress,Robert A. Heinlein,fiction
High Five,Janet Evanovich,children
Joyland,Stephen King,fiction
Tender Is the Night,F. Scott Fitzgerald,fiction
Cold Sassy Tree,Olive Ann Burns,fiction
The Glass Menagerie,Tennessee Williams,nonfiction
L'amica geniale,"Elena Ferrante, Ann Goldstein",nonfiction
Rules of Civility,Amor Towles,fiction
Ringworld,Larry Niven,fiction
Between Shades of Gray,Ruta Sepetys,fiction
Frindle,"Andrew Clements, Brian Selznick",fiction
Dog Days,Jeff Kinney,fiction
The Round House,Louise Erdrich,fiction
A Wind in the Door,Madeleine L'Engle,fiction
A Little Life,Hanya Yanagihara,fiction
The Alloy of Law,Brandon Sanderson,fiction
Dead Reckoning,Charlaine Harris,nonfiction
The Accidental Tourist,"Anne Tyler, Jennifer Bassett",fiction
The Invisible Man,H.G. Wells,fiction
Four Past Midnight,Stephen King,nonfiction
The Marriage Bargain,Jennifer Probst,fiction
Anne of Avonlea,L.M. Montgomery,fiction
We Are All Completely Beside Ourselves,Karen Joy Fowler,fiction
Children of the Mind,Orson Scott Card,fiction
Ulysses,James Joyce,fiction
Someone Like You,Sarah Dessen,nonfiction
Moloka'i,Alan Brennert,nonfiction
The Witching Hour,Anne Rice,nonfiction
This Present Darkness,Frank E. Peretti,fiction
The Coincidence of Callie & Kayden,Jessica Sorensen,fiction
Fates and Furies,Lauren Groff,fiction
Summer Sisters,Judy Blume,fiction
Stuart Little,"E.B. White, Garth Williams",fiction
The Foundation Trilogy,Isaac Asimov,fiction
Seven Up,Janet Evanovich,fiction
The Awakening,Kelley Armstrong,fiction
Death Masks,Jim Butcher,children
Stellaluna,Janell Cannon,fiction
Before They Are Hanged,Joe Abercrombie,fiction
Loving Frank,Nancy Horan,fiction
Hard Eight,"Janet Evanovich, Lorelei King",nonfiction
The Vile Village,"Lemony Snicket, Brett Helquist",fiction
Sybil,Flora Rheta Schreiber,nonfiction
Cosmos,Carl Sagan,nonfiction
Haunted: A Novel of Stories,Chuck Palahniuk,fiction
The Shell Seekers,Rosamunde Pilcher,fiction
The Lowland,Jhumpa Lahiri,fiction
The Ruins of Gorlan,John Flanagan,nonfiction
Wintergirls,Laurie Halse Anderson,fiction
The Brethren,John Grisham,fiction
Assassin's Quest,Robin Hobb,fiction
Rosemary's Baby,Ira Levin,fiction
The Talisman,"Stephen King, Peter Straub",nonfiction
The Path of Daggers,Robert Jordan,fiction
The Dharma Bums,Jack Kerouac,children
The Reckoning,Kelley Armstrong,fiction
Mary Poppins,"P.L. Travers, Mary Shepard",fiction
Red Seas Under Red Skies,Scott Lynch,fiction
The House on Mango Street,Sandra Cisneros,fiction
City of Thieves,David Benioff,fiction
Halfway to the Grave,Jeaniene Frost,fiction
The Twits,"Roald Dahl, Quentin Blake",fiction
Abhorsen,Garth Nix,nonfiction
The Beach House,"James Patterson, Peter de Jonge",fiction
Eyes of the Dragon,Stephen King,nonfiction
Children of Dune,Frank Herbert,fiction
Leviathan Wakes,James S.A. Corey,nonfiction
Queen of Shadows,Sarah J. Maas,fiction
The Snowy Day,Ezra Jack Keats,fiction
To the Nines,Janet Evanovich,fiction
Where We Belong,Emily Giffin,nonfiction
The Signature of All Things,Elizabeth Gilbert,nonfiction
"Eats, Shoots and Leaves",Lynne Truss,fiction
Dead Witch Walking,Kim Harrison,nonfiction
An Echo in the Bone,Diana Gabaldon,fiction
Unearthly,Cynthia Hand,fiction
The Case for Christ,Lee Strobel,fiction
Knife of Dreams,Robert Jordan,fiction
Hoot,Carl Hiaasen,fiction
Ishmael: An Adventure of the Mind and Spirit,Daniel Quinn,fiction
It's Not Summer Without You,Jenny Han,fiction
Pushing the Limits,Katie McGarry,fiction
Messenger ,Lois Lowry,fiction
Lover Revealed,J.R. Ward,fiction
"Never Too Far (Too Far, #2)",Abbi Glines,fiction
State of Fear,Michael Crichton,fiction
The Golem's Eye,Jonathan Stroud,nonfiction
Still Life with Woodpecker,Tom Robbins,fiction
Those Who Save Us,Jenna Blum,fiction
The Broker,John Grisham,fiction
Across the Universe,Beth Revis,fiction
Blood Rites,Jim Butcher,nonfiction
The Silent Wife,A.S.A. Harrison,nonfiction
How to Be a Woman,Caitlin Moran,fiction
A Court of Mist and Fury,Sarah J. Maas,fiction
Life,Keith Richards,fiction
Unaccustomed Earth,Jhumpa Lahiri,fiction
The Pilot's Wife,Anita Shreve,fiction
White Noise,Don DeLillo,fiction
Blankets,Craig Thompson,fiction
The Story of Edgar Sawtelle,David Wroblewski,nonfiction
Drowning Ruth,Christina Schwarz,fiction
Post Office,Charles Bukowski,nonfiction
All the Pretty Horses,Cormac McCarthy,fiction
The Last Unicorn,Peter S. Beagle,fiction
Magyk,Angie Sage,fiction
Fever 1793,Laurie Halse Anderson,fiction
The Likeness,Tana French,fiction
The Jungle Book,Rudyard Kipling,fiction
I Am Pilgrim,Terry Hayes,fiction
Don't Sweat the Small Stuff,Richard Carlson,fiction
Mostly Harmless,Douglas Adams,nonfiction
Benjamin Franklin: An American Life,Walter Isaacson,fiction
The Tiger's Wife,TÃ©a Obreht,fiction
Poison Study,Maria V. Snyder,fiction
Lover Unbound,J.R. Ward,fiction
Going Postal,Terry Pratchett,fiction
The Book of Mormon,"Anonymous, Joseph Smith Jr.",fiction
The Mist,Stephen King,nonfiction
Dead Beat,Jim Butcher,fiction
Golden Son,Pierce Brown,fiction
Night Watch,Terry Pratchett,nonfiction
The Light Fantastic,Terry Pratchett,nonfiction
Pretty Girls,Karin Slaughter,fiction
Last Argument of Kings,Joe Abercrombie,fiction
Revival,Stephen King,fiction
Horton Hears a Who!,Dr. Seuss,fiction
The Blind Side: Evolution of a Game,Michael   Lewis,children
Lirael,Garth Nix,fiction
School's Out Forever,James Patterson,fiction
Winter,Marissa Meyer,nonfiction
The Painted Man,Peter V. Brett,fiction
One Shot,Lee Child,fiction
The Serpent's Shadow,Rick Riordan,fiction
Duma Key,Stephen King,fiction
The Shifting Fog,Kate Morton,fiction
Proven Guilty,Jim Butcher,fiction
The Heart is a Lonely Hunter,Carson McCullers,fiction
The Infinite Sea,Rick Yancey,fiction
The Once and Future King,T.H. White,nonfiction
Small Gods,Terry Pratchett,fiction
"Bud, Not Buddy",Christopher Paul Curtis,fiction
The Indian in the Cupboard,Lynne Reid Banks,fiction
A Memory of Light,"Robert Jordan, Brandon Sanderson",fiction
Me and Earl and the Dying Girl,Jesse Andrews,nonfiction
The Ugly Truth,Jeff Kinney,nonfiction
2nd Chance,"James Patterson, Andrew Gross",fiction
The Complete Maus,Art Spiegelman,nonfiction
The Eyre Affair,Jasper Fforde,nonfiction
The Bone Clocks,David Mitchell,fiction
Black and Blue,Anna Quindlen,fiction
The Last Juror,John Grisham,nonfiction
Diary,Chuck Palahniuk,fiction
Eleven on Top,Janet Evanovich,fiction
Tintenblut,"Cornelia Funke, Anthea Bell",fiction
White Night,Jim Butcher,fiction
The Miniaturist,Jessie Burton,fiction
The Lost Colony,Eoin Colfer,nonfiction
Extras,Scott Westerfeld,fiction
The Burning Bridge,John Flanagan,nonfiction
The Book of Life,Deborah Harkness,fiction
Horns,Joe Hill,nonfiction
The Year of the Flood,Margaret Atwood,fiction
Winter Garden,Kristin Hannah,fiction
The King of Torts,John Grisham,nonfiction
The 3 Mistakes of My Life,Chetan Bhagat,fiction
The Murder of Roger Ackroyd,Agatha Christie,nonfiction
Native Son ,Richard Wright,fiction
Shadow's Edge,Brent Weeks,fiction
Under the Never Sky,Veronica Rossi,fiction
True Believer,Nicholas Sparks,fiction
The Lean Startupâ€Ž,Eric Ries,fiction
The Golden Lily,Richelle Mead,fiction
Chasing Harry Winston,Lauren Weisberger,fiction
Magician's Gambit,David Eddings,fiction
A Long Way Down,Nick Hornby,nonfiction
Rose Madder,Stephen King,fiction
Keeping Faith,Jodi Picoult,fiction
Heart-Shaped Box,Joe Hill,fiction
Cabin Fever,Jeff Kinney,nonfiction
Everyone Worth Knowing,Lauren Weisberger,fiction
Redwall,Brian Jacques,fiction
The Woman in Cabin 10,Ruth Ware,nonfiction
Sophie's Choice,William Styron,nonfiction
Shopaholic and Sister,Sophie Kinsella,fiction
The Iron Daughter,Julie Kagawa,fiction
The Rosie Effect,Graeme Simsion,fiction
The Secret of the Nagas.,Amish Tripathi,fiction
Ham on Rye,Charles Bukowski,fiction
Flipped,Wendelin Van Draanen,nonfiction
Make Way for Ducklings,Robert McCloskey,nonfiction
Relic,"Douglas Preston, Lincoln Child",fiction
Notes from a Small Island,Bill Bryson,fiction
Small Favor,Jim Butcher,nonfiction
Princess Academy,Shannon Hale,fiction
Pygmalion,George Bernard Shaw,fiction
Flight Behavior,Barbara Kingsolver,fiction
Grip of the Shadow Plague,Brandon Mull,fiction
Captain Corelli's Mandolin,Louis de BerniÃ¨res,fiction
At First Sight,Nicholas Sparks,fiction
Down Under,Bill Bryson,fiction
The Memoirs of Sherlock Holmes,Arthur Conan Doyle,nonfiction
The Orphan Master's Son,Adam Johnson,fiction
Enchanters' End Game,David Eddings,fiction
The Chosen,Chaim Potok,fiction
Where Rainbows End,Cecelia Ahern,nonfiction
Amelia Bedelia,"Peggy Parish, Fritz Siebel",fiction
This Man,Jodi Ellen Malpas,fiction
A Dog's Purpose ,W. Bruce Cameron,fiction
An Ember in the Ashes,Sabaa Tahir,fiction
"Lover Enshrined, part one",J.R. Ward,fiction
The Golem and the Jinni,Helene Wecker,fiction
The Slippery Slope,"Lemony Snicket, Brett Helquist",fiction
Furies of Calderon ,Jim Butcher,fiction
Alanna: The First Adventure,Tamora Pierce,fiction
Her Fearful Symmetry,Audrey Niffenegger,nonfiction
The Boston Girl,Anita Diamant,fiction
"Lover Enshrined, part two",J.R. Ward,children
The Fall of Hyperion,Dan Simmons,nonfiction
The Black Dahlia,James Ellroy,fiction
Wild Swans: Three Daughters of China,Jung Chang,nonfiction
"Go, Dog. Go!",P.D. Eastman,fiction
Finders Keepers,Stephen King,fiction
The Strain,"Guillermo del Toro, Chuck Hogan",fiction
Old Yeller,Fred Gipson,fiction
Born Standing Up: A Comic's Life,Steve Martin,nonfiction
Hearts in Atlantis,Stephen King,fiction
The Queen's Fool,Philippa Gregory,fiction
Days of Blood & Starlight,Laini Taylor,fiction
Jitterbug Perfume,Tom Robbins,fiction
The Darkest Minds,Alexandra Bracken,fiction
O Zahir,"Paulo Coelho, Margaret Jull Costa",fiction
The Power of Positive Thinking,Norman Vincent Peale,fiction
"In a Dark, Dark Wood ",Ruth Ware,fiction
The House of Mirth,"Edith Wharton, Nina Bawden",fiction
Fairy Tail 1,"Hiro Mashima, William Flanagan",fiction
Twelve Years a Slave,Solomon Northup,fiction
"Lover Avenged, part one",J.R. Ward,fiction
Infidel,Ayaan Hirsi Ali,fiction
The Twelve,Justin Cronin,fiction
The Diamond Age,Neal Stephenson,fiction
A Canticle for Leibowitz,Walter M. Miller Jr.,fiction
Wither,Lauren DeStefano,fiction
Crossroads of Twilight,Robert Jordan,fiction
The Red Badge of Courage,Stephen Crane,fiction
Gardens of the Moon,Steven Erikson,fiction
A Bruxa de Portobello,Paulo Coelho,fiction
A Swiftly Tilting Planet,Madeleine L'Engle,fiction
Gregor the Overlander,Suzanne Collins,fiction
Sing You Home,Jodi Picoult,fiction
The Tale of the Body Thief,Anne Rice,fiction
The Camel Club,David Baldacci,nonfiction
Saving The World and Other Extreme Sports,James Patterson,fiction
Blood of the Fold,Terry Goodkind,fiction
The Boleyn Inheritance,Philippa Gregory,fiction
A Spool of Blue Thread,Anne Tyler,fiction
The Underground Railroad,Colson Whitehead,fiction
Masquerade,Melissa de la Cruz,fiction
The Iron Queen,Julie Kagawa,nonfiction
Losing It,Cora Carmack,fiction
The Racketeer,John Grisham,fiction
Disgrace,J.M. Coetzee,fiction
The House at Pooh Corner,"A.A. Milne, Ernest H. Shepard",fiction
The Black Prism,Brent Weeks,fiction
The Mermaid Chair,Sue Monk Kidd,fiction
Frog and Toad Are Friends,Arnold Lobel,nonfiction
The Carnivorous Carnival,"Lemony Snicket, Brett Helquist",fiction
Heist Society,Ally Carter,fiction
Behind Closed Doors,B.A. Paris,fiction
The Killer Angels,Michael Shaara,nonfiction
Ptolemy's Gate,Jonathan Stroud,fiction
The Island of Dr. Moreau,H.G. Wells,fiction
Opal,Jennifer L. Armentrout,fiction
Zeitoun,Dave Eggers,fiction
Out of My Mind,Sharon M. Draper,nonfiction
Rapture,Lauren Kate,nonfiction
Switched,Amanda Hocking,fiction
Pines,Blake Crouch,fiction
Disclosure,Michael Crichton,fiction
Death Comes to Pemberley,P.D. James,fiction
Ethan Frome,Edith Wharton,nonfiction
It Ends with Us,Colleen Hoover,fiction
The Gift of the Magi,"O. Henry, Lisbeth Zwerger",nonfiction
The Electric Kool-Aid Acid Test,Tom Wolfe,fiction
A Painted House,John Grisham,nonfiction
"Full Dark, No Stars",Stephen King,fiction
Intensity,Dean Koontz,fiction
Et dukkehjem,"Henrik Ibsen, Michael   Meyer",fiction
Hawaii,James A. Michener,fiction
Revolutionary Road,Richard Yates,fiction
Forever,Maggie Stiefvater,fiction
The Beach,Alex Garland,fiction
Deadlocked,Charlaine Harris,nonfiction
Beezus and Ramona,Beverly Cleary,fiction
The Farthest Shore,Ursula K. Le Guin,nonfiction
Airframe,Michael Crichton,fiction
Magician,Raymond E. Feist,fiction
Bet Me,Jennifer Crusie,fiction
Gray Mountain,John Grisham,nonfiction
The Power of One,Bryce Courtenay,fiction
The Maltese Falcon,Dashiell Hammett,fiction
Night Road,Kristin Hannah,fiction
Tripwire,Lee Child,fiction
